title,description,skills,education,experience,field
Financial Analyst,"Analyze financial statements, prepare forecasts, evaluate business performance and support management decisions","Financial Analysis, Excel, Financial Modeling, SQL, Power BI","B.Com, MBA Finance","1-3 years","Finance"
Senior Financial Analyst,"Prepare financial models, budgets, forecasts and management reports for business planning","Financial Modeling, Excel, Forecasting, Power BI, SQL","B.Com, MBA Finance","3-5 years","Finance"
Investment Analyst,"Research investment opportunities, analyze market trends and evaluate company financial performance","Investment Analysis, Financial Modeling, Excel, Bloomberg","B.Com, MBA Finance, CFA","1-3 years","Finance"
Credit Analyst,"Evaluate borrower financial information, assess credit risk and recommend lending decisions","Credit Analysis, Risk Assessment, Excel, Financial Statements","B.Com, MBA Finance","1-3 years","Finance"
Risk Analyst,"Identify financial risks, perform risk assessments and prepare risk management reports","Risk Management, Financial Analysis, Excel, SQL","B.Com, MBA Finance","2-4 years","Finance"
Financial Controller,"Manage accounting operations, financial reporting, budgets and internal financial controls","Accounting, Financial Reporting, Excel, ERP, Audit","B.Com, CA, MBA Finance","5-8 years","Finance"
Accounts Executive,"Maintain accounts, process invoices, reconcile transactions and prepare financial records","Tally, Excel, GST, Accounting, Bank Reconciliation","B.Com, M.Com","1-3 years","Finance"
Accountant,"Prepare books of accounts, balance sheets, tax records and monthly financial reports","Tally, Accounting, GST, Excel","B.Com, M.Com","1-4 years","Finance"
Tax Consultant,"Assist clients with tax planning, tax returns, compliance and taxation matters","Income Tax, GST, Tax Planning, Excel","B.Com, CA, M.Com","2-5 years","Finance"
Internal Auditor,"Review financial processes, identify control weaknesses and perform internal audits","Internal Audit, Risk, Accounting, Compliance","B.Com, CA, MBA Finance","2-5 years","Finance"
Portfolio Manager,"Manage investment portfolios, evaluate securities and monitor investment performance","Portfolio Management, Investment Analysis, Financial Markets","MBA Finance, CFA","4-7 years","Finance"
Treasury Analyst,"Monitor cash positions, liquidity, banking transactions and treasury operations","Treasury, Cash Management, Excel, Financial Analysis","B.Com, MBA Finance","2-4 years","Finance"
Loan Officer,"Evaluate loan applications, verify financial documents and recommend credit decisions","Loan Processing, Credit Analysis, Banking, Customer Service","B.Com, MBA Finance","1-3 years","Finance"
Payroll Specialist,"Process employee payroll, salary calculations, deductions and statutory compliance","Payroll, Excel, HRMS, Accounting, Compliance","B.Com, MBA Finance, MBA HR","1-3 years","Finance"
Finance Manager,"Lead financial planning, budgeting, reporting and financial strategy for the organization","Financial Planning, Budgeting, Excel, ERP, Leadership","MBA Finance, CA","5-8 years","Finance"
Accounts Payable Specialist,"Process supplier invoices, payments and account reconciliations","Accounts Payable, Excel, ERP, Accounting","B.Com","1-3 years","Finance"
Accounts Receivable Specialist,"Manage customer invoices, collections, payment tracking and account reconciliation","Accounts Receivable, Excel, ERP, Accounting","B.Com","1-3 years","Finance"
Audit Associate,"Assist audit teams with financial statement testing, documentation and compliance reviews","Audit, Accounting, Excel, Financial Statements","B.Com, CA","0-2 years","Finance"
Equity Research Analyst,"Research listed companies, analyze financial performance and prepare investment reports","Equity Research, Financial Modeling, Excel, Valuation","MBA Finance, CFA","1-4 years","Finance"
Financial Planning Analyst,"Prepare budgets, forecasts and financial planning reports for business units","FP&A, Excel, Financial Modeling, Forecasting","MBA Finance, B.Com","2-4 years","Finance"








Software Developer,"Develop and maintain software applications using modern programming languages and frameworks","Java, Python, SQL, Git, REST API","BSc IT, BCA, MCA, BE Computer","1-3 years","IT & Software"
Software Engineer,"Design, develop, test and maintain scalable software applications","Java, Python, Spring Boot, SQL, Git","BE Computer, BTech IT, MCA","2-5 years","IT & Software"
Java Developer,"Develop enterprise applications using Java, Spring Boot and relational databases","Java, Spring Boot, Hibernate, REST API, MySQL","BSc IT, BCA, MCA, BE Computer","1-4 years","IT & Software"
Python Developer,"Build backend applications, automation scripts and APIs using Python","Python, Flask, Django, SQL, REST API","BSc IT, BCA, MCA","1-4 years","IT & Software"
Full Stack Developer,"Develop complete web applications across frontend and backend technologies","HTML, CSS, JavaScript, React, Node.js, SQL","BSc IT, BCA, MCA","2-5 years","IT & Software"
Frontend Developer,"Build responsive web interfaces and reusable frontend components","HTML, CSS, JavaScript, React, Bootstrap","BSc IT, BCA, BE Computer","1-3 years","IT & Software"
Backend Developer,"Develop server-side applications, APIs and database integrations","Java, Spring Boot, Node.js, REST API, SQL","BSc IT, MCA, BE Computer","2-4 years","IT & Software"
Web Developer,"Create and maintain websites and web applications for business users","HTML, CSS, JavaScript, PHP, MySQL","BSc IT, BCA, MCA","1-3 years","IT & Software"
Mobile Application Developer,"Develop and maintain Android mobile applications","Android, Java, Kotlin, REST API, Firebase","BCA, MCA, BE Computer","1-4 years","IT & Software"
DevOps Engineer,"Automate software deployment, infrastructure and continuous integration processes","AWS, Docker, Kubernetes, Jenkins, Linux","BE Computer, BTech IT, MCA","2-5 years","IT & Software"
Cloud Engineer,"Design and maintain cloud infrastructure and deployment environments","AWS, Azure, Docker, Linux, Terraform","BE Computer, BTech IT","2-5 years","IT & Software"
Database Administrator,"Manage database performance, backups, security and availability","MySQL, PostgreSQL, SQL Server, Database Administration","BSc IT, MCA, BE Computer","2-5 years","IT & Software"
Cybersecurity Analyst,"Monitor security events, investigate threats and support information security operations","Cybersecurity, SIEM, Network Security, Linux","BSc IT, BE Computer, MCA","1-4 years","IT & Software"
System Administrator,"Maintain servers, networks, operating systems and IT infrastructure","Linux, Windows Server, Networking, Active Directory","BSc IT, BCA, BE Computer","2-5 years","IT & Software"
QA Engineer,"Design and execute software tests and identify application defects","Manual Testing, Selenium, SQL, API Testing, Jira","BSc IT, BCA, MCA","1-4 years","IT & Software"
Automation Test Engineer,"Develop automated test scripts for web and API applications","Selenium, Python, Java, API Testing, Jenkins","BSc IT, BCA, MCA","2-5 years","IT & Software"
Technical Support Engineer,"Troubleshoot software, hardware and network issues for customers","Technical Support, Networking, Windows, Linux","BSc IT, BCA, Diploma IT","1-3 years","IT & Software"
UI Developer,"Develop user interfaces and responsive web components","HTML, CSS, JavaScript, React, Bootstrap","BSc IT, BCA, MCA","1-3 years","IT & Software"
.NET Developer,"Develop enterprise applications using Microsoft .NET technologies","C#, .NET, ASP.NET, SQL Server, REST API","BCA, MCA, BE Computer","1-4 years","IT & Software"
IT Project Engineer,"Coordinate technical projects, development tasks and software implementation","Project Management, Agile, SQL, Software Development","BE Computer, BTech IT, MCA","2-5 years","IT & Software"






HR Executive,"Manage recruitment, employee records, onboarding and HR administration","Recruitment, HRMS, Excel, Communication","MBA HR, BBA","1-3 years","Human Resources"
HR Manager,"Manage recruitment, employee relations, performance management and HR policies","HR Management, Recruitment, Payroll, HRMS","MBA HR","4-7 years","Human Resources"
HR Generalist,"Handle recruitment, onboarding, employee engagement and HR operations","Recruitment, HR Operations, HRMS, Excel","MBA HR, BBA","2-4 years","Human Resources"
Talent Acquisition Specialist,"Source candidates, conduct interviews and manage end-to-end recruitment","Recruitment, LinkedIn, Interviewing, ATS","MBA HR, BBA","1-4 years","Human Resources"
Recruiter,"Source and screen candidates and coordinate interviews with hiring managers","Recruitment, Sourcing, Interviewing, ATS","MBA HR, BBA","1-3 years","Human Resources"
HR Business Partner,"Partner with business teams on workforce planning, employee relations and performance","HRBP, Employee Relations, Workforce Planning","MBA HR","4-7 years","Human Resources"
Learning and Development Specialist,"Design employee training programs and coordinate professional development activities","Training, L&D, Communication, HRMS","MBA HR, MA Psychology","2-5 years","Human Resources"
Payroll Executive,"Process employee payroll, salary calculations and statutory deductions","Payroll, Excel, HRMS, Compliance","MBA HR, B.Com","1-3 years","Human Resources"
Employee Relations Specialist,"Handle employee grievances, workplace policies and employee engagement","Employee Relations, HR Policies, Communication","MBA HR","2-5 years","Human Resources"
HR Operations Executive,"Manage employee documentation, onboarding and day-to-day HR operations","HR Operations, Excel, HRMS, Documentation","MBA HR, BBA","1-3 years","Human Resources"
Compensation Analyst,"Analyze salary structures, compensation data and employee benefits","Compensation, Excel, HR Analytics, Statistics","MBA HR, MSc Analytics","2-4 years","Human Resources"
HR Analytics Specialist,"Analyze workforce data and create HR dashboards and reports","Excel, Power BI, SQL, HR Analytics","MBA HR, MSc Analytics","1-4 years","Human Resources"
Talent Management Specialist,"Manage employee development, succession planning and talent programs","Talent Management, Performance Management, HRMS","MBA HR","2-5 years","Human Resources"
Training Coordinator,"Coordinate employee training sessions, schedules and learning programs","Training Coordination, Communication, Excel","MBA HR, BBA","1-3 years","Human Resources"
HR Compliance Specialist,"Monitor employment policies, labor compliance and HR documentation","HR Compliance, Labor Laws, Documentation","MBA HR, LLB","2-5 years","Human Resources"
Campus Recruitment Executive,"Manage campus hiring activities, university relationships and graduate recruitment","Campus Recruitment, Interviewing, Communication","MBA HR, BBA","1-3 years","Human Resources"
Recruitment Coordinator,"Coordinate interviews, candidate communication and recruitment documentation","Recruitment, ATS, Scheduling, Communication","MBA HR, BBA","0-2 years","Human Resources"
HR Administrator,"Maintain employee records and provide administrative support to HR teams","HR Administration, Excel, HRMS, Documentation","BBA, MBA HR","1-3 years","Human Resources"
People Operations Specialist,"Support employee lifecycle processes, engagement and workplace operations","People Operations, HRMS, Employee Engagement","MBA HR","2-4 years","Human Resources"
Chief Human Resources Officer,"Lead organizational HR strategy, workforce planning and people operations","HR Strategy, Leadership, Workforce Planning","MBA HR","10+ years","Human Resources"






Marketing Executive,"Plan marketing campaigns and support promotional activities across digital and offline channels","Digital Marketing, SEO, Social Media, Excel","BBA Marketing, MBA Marketing","1-3 years","Marketing"
Digital Marketing Specialist,"Manage digital campaigns across search, social media and online advertising channels","SEO, Google Ads, Social Media, Analytics","MBA Marketing, BBA","1-4 years","Marketing"
Marketing Manager,"Develop marketing strategies, campaigns and brand initiatives to increase business growth","Marketing Strategy, Branding, Analytics, Leadership","MBA Marketing","4-7 years","Marketing"
SEO Specialist,"Optimize websites for search engines and improve organic traffic","SEO, Google Search Console, Keyword Research, Analytics","BBA Marketing, BA","1-3 years","Marketing"
Social Media Manager,"Manage social media channels, content calendars and audience engagement","Social Media, Content Strategy, Analytics","BBA Marketing, MBA Marketing","2-5 years","Marketing"
Content Marketing Specialist,"Create content strategies, blogs and marketing materials to attract customers","Content Marketing, SEO, Copywriting","BA, MBA Marketing, Journalism","1-4 years","Marketing"
Brand Manager,"Develop brand strategies, positioning and marketing campaigns","Brand Management, Marketing Strategy, Market Research","MBA Marketing","3-6 years","Marketing"
Product Marketing Manager,"Develop go-to-market strategies and marketing campaigns for products","Product Marketing, Market Research, Strategy","MBA Marketing","3-6 years","Marketing"
Performance Marketing Specialist,"Manage paid advertising campaigns and optimize digital marketing performance","Google Ads, Meta Ads, Analytics, PPC","MBA Marketing, BBA","1-4 years","Marketing"
Market Research Analyst,"Conduct market research and analyze customer and competitor data","Market Research, Excel, SPSS, Analytics","MBA Marketing, MSc Statistics","1-4 years","Marketing"
Email Marketing Specialist,"Create and optimize email campaigns and customer communication programs","Email Marketing, CRM, Analytics, Copywriting","BBA Marketing, MBA Marketing","1-3 years","Marketing"
Growth Marketing Manager,"Develop growth experiments and customer acquisition strategies","Growth Marketing, Analytics, SEO, Paid Media","MBA Marketing","3-6 years","Marketing"
Advertising Executive,"Coordinate advertising campaigns, media plans and promotional activities","Advertising, Media Planning, Campaign Management","MBA Marketing, BBA","1-3 years","Marketing"
PR Specialist,"Manage public relations activities, media communication and corporate messaging","Public Relations, Communication, Media Relations","BA, MA, MBA Marketing","2-5 years","Marketing"
Content Writer,"Write blogs, website content and marketing materials for digital channels","Content Writing, SEO, Copywriting","BA, MA, Journalism","1-3 years","Marketing"
Copywriter,"Create persuasive advertising and promotional copy for marketing campaigns","Copywriting, Advertising, Content Strategy","BA, Journalism, MBA Marketing","1-4 years","Marketing"
Marketing Analyst,"Analyze marketing campaigns, customer trends and channel performance","Marketing Analytics, SQL, Excel, Power BI","MBA Marketing, MSc Analytics","1-4 years","Marketing"
Field Marketing Executive,"Coordinate local marketing campaigns, events and customer engagement activities","Field Marketing, Events, Communication","BBA Marketing, MBA Marketing","1-3 years","Marketing"
Community Manager,"Build and manage online communities and customer engagement programs","Community Management, Social Media, Communication","BA, BBA, MBA Marketing","1-4 years","Marketing"
Marketing Operations Specialist,"Manage marketing technology, campaign processes and reporting systems","Marketing Operations, CRM, Excel, Analytics","MBA Marketing, BSc IT","2-5 years","Marketing"






Sales Executive,"Generate leads, communicate with customers and achieve monthly sales targets","Sales, CRM, Communication, Lead Generation","BBA, MBA","1-3 years","Sales"
Senior Sales Executive,"Manage customer accounts, generate business opportunities and achieve revenue targets","Sales, CRM, Negotiation, Communication","BBA, MBA","3-5 years","Sales"
Business Development Executive,"Identify new business opportunities and develop relationships with potential clients","Business Development, Lead Generation, CRM, Sales","BBA, MBA","1-3 years","Sales"
Business Development Manager,"Lead business development activities and manage strategic customer relationships","Business Development, Sales Strategy, CRM, Negotiation","MBA","4-7 years","Sales"
Sales Manager,"Manage sales teams, revenue targets, customer relationships and sales strategy","Sales Management, CRM, Leadership, Negotiation","MBA","4-7 years","Sales"
Account Executive,"Manage client accounts, sales opportunities and customer relationships","Account Management, CRM, Sales, Communication","BBA, MBA","1-4 years","Sales"
Account Manager,"Maintain key customer relationships and drive account growth and retention","Account Management, CRM, Negotiation","MBA","3-6 years","Sales"
Inside Sales Representative,"Contact potential customers, qualify leads and schedule sales meetings","Inside Sales, CRM, Lead Generation, Communication","BBA, MBA","1-3 years","Sales"
Field Sales Executive,"Visit customers, generate sales leads and manage field sales activities","Field Sales, Customer Relationship, Negotiation","BBA, MBA","1-4 years","Sales"
B2B Sales Specialist,"Develop business relationships with corporate customers and generate B2B sales","B2B Sales, CRM, Negotiation, Lead Generation","MBA, BBA","2-5 years","Sales"
Enterprise Sales Manager,"Manage large enterprise accounts and drive high-value sales opportunities","Enterprise Sales, CRM, Negotiation, Account Management","MBA","5-8 years","Sales"
Sales Development Representative,"Research prospects, generate leads and qualify potential customers","Lead Generation, CRM, Cold Outreach, Communication","BBA, MBA","0-2 years","Sales"
Regional Sales Manager,"Manage sales operations and revenue targets across a geographic region","Sales Management, Territory Management, CRM","MBA","5-8 years","Sales"
Retail Sales Executive,"Assist customers, promote products and achieve retail sales targets","Retail Sales, Customer Service, Communication","BBA, Graduate","1-3 years","Sales"
Channel Sales Manager,"Manage distributor and partner relationships and drive channel sales","Channel Sales, Partner Management, CRM","MBA","4-7 years","Sales"
Sales Coordinator,"Coordinate sales activities, quotations, orders and customer communication","Sales Coordination, Excel, CRM, Communication","BBA, Graduate","1-3 years","Sales"
Pre-Sales Consultant,"Support sales teams with product demonstrations, technical presentations and proposals","Pre-Sales, Product Demonstration, Communication, CRM","BE Computer, BSc IT, MBA","2-5 years","Sales"
Sales Operations Analyst,"Analyze sales data, manage CRM systems and prepare revenue reports","Sales Analytics, Excel, SQL, CRM, Power BI","BSc IT, MBA","2-4 years","Sales"
Territory Sales Executive,"Manage sales activities and customer relationships within an assigned territory","Territory Sales, CRM, Communication","BBA, MBA","1-4 years","Sales"
Head of Sales,"Lead sales strategy, teams, revenue planning and major customer relationships","Sales Strategy, Leadership, CRM, Negotiation","MBA","8-12 years","Sales"






Civil Engineer,"Design and supervise construction projects, infrastructure and civil engineering works","AutoCAD, Construction, Structural Design, Project Management","BE Civil, BTech Civil","1-4 years","Engineering"
Mechanical Engineer,"Design mechanical systems and support manufacturing and engineering operations","AutoCAD, Mechanical Design, Manufacturing, CAD","BE Mechanical, BTech Mechanical","1-4 years","Engineering"
Electrical Engineer,"Design electrical systems and maintain electrical equipment and infrastructure","Electrical Design, AutoCAD, Power Systems","BE Electrical, BTech Electrical","1-4 years","Engineering"
Electronics Engineer,"Design, test and troubleshoot electronic circuits and embedded systems","Electronics, PCB Design, Embedded Systems, MATLAB","BE Electronics, BTech ECE","1-4 years","Engineering"
Structural Engineer,"Analyze and design structural systems for buildings and infrastructure","Structural Design, STAAD Pro, AutoCAD, Civil Engineering","BE Civil, MTech Structural","2-5 years","Engineering"
Manufacturing Engineer,"Improve manufacturing processes, production efficiency and engineering operations","Manufacturing, Lean, CAD, Process Improvement","BE Mechanical, Production Engineering","2-5 years","Engineering"
Process Engineer,"Optimize industrial processes and improve production efficiency and quality","Process Engineering, Lean Manufacturing, Six Sigma","BE Chemical, Mechanical, Production","2-5 years","Engineering"
Quality Engineer,"Monitor product quality and implement quality control and improvement processes","Quality Control, Six Sigma, ISO, Root Cause Analysis","BE Mechanical, Production Engineering","1-4 years","Engineering"
Automation Engineer,"Design and maintain industrial automation and control systems","PLC, SCADA, Automation, Electrical Engineering","BE Electrical, Instrumentation","2-5 years","Engineering"
Design Engineer,"Create engineering designs, technical drawings and product specifications","CAD, SolidWorks, AutoCAD, Engineering Design","BE Mechanical, Civil","1-4 years","Engineering"
Project Engineer,"Coordinate engineering projects, schedules, contractors and technical activities","Project Management, Engineering, AutoCAD, Excel","BE Civil, Mechanical, Electrical","2-5 years","Engineering"
Production Engineer,"Manage manufacturing processes, production schedules and plant operations","Production Planning, Lean, Manufacturing, Quality","BE Mechanical, Production Engineering","1-4 years","Engineering"
Environmental Engineer,"Develop solutions for pollution control, waste management and environmental compliance","Environmental Engineering, EIA, Waste Management","BE Environmental, Civil","1-4 years","Engineering"
Industrial Engineer,"Improve manufacturing productivity, workflows and operational efficiency","Industrial Engineering, Lean, Six Sigma, Process Improvement","BE Industrial, Mechanical","2-5 years","Engineering"
Site Engineer,"Supervise construction activities, contractors and site execution","Construction, AutoCAD, Site Management, Civil Engineering","BE Civil, Diploma Civil","1-4 years","Engineering"
Maintenance Engineer,"Maintain industrial machinery and reduce equipment downtime","Maintenance, Mechanical Engineering, PLC, Preventive Maintenance","BE Mechanical, Electrical","2-5 years","Engineering"
Instrumentation Engineer,"Design and maintain instrumentation and process control systems","Instrumentation, PLC, SCADA, Control Systems","BE Instrumentation, Electrical","2-5 years","Engineering"
Automotive Engineer,"Develop and test automotive systems and components","Automotive Design, CAD, Vehicle Systems","BE Mechanical, Automobile Engineering","2-5 years","Engineering"
Aerospace Engineer,"Design and analyze aerospace components, structures and systems","CAD, Aerospace Design, MATLAB, Engineering Analysis","BE Aerospace, Mechanical","2-5 years","Engineering"
Engineering Manager,"Lead engineering teams, technical projects and product development activities","Engineering Management, Project Management, Leadership","BE Engineering, MBA","6-10 years","Engineering"






Registered Nurse,"Provide patient care, administer medication and monitor patient health","Nursing, Patient Care, Clinical Skills","BSc Nursing, GNM","1-4 years","Healthcare"
Staff Nurse,"Provide nursing care, monitor patients and assist doctors with clinical procedures","Patient Care, Nursing, Clinical Documentation","BSc Nursing, GNM","1-3 years","Healthcare"
Clinical Nurse,"Provide specialized patient care and maintain clinical documentation","Clinical Nursing, Patient Care, Medical Records","BSc Nursing, GNM","2-5 years","Healthcare"
Healthcare Assistant,"Support patients with daily care and assist healthcare professionals","Patient Care, Healthcare Support, Communication","Diploma Healthcare, BSc","1-3 years","Healthcare"
Medical Assistant,"Assist doctors with patient preparation, records and clinical administration","Medical Records, Patient Care, Healthcare","Diploma Medical Assistant, BSc","1-3 years","Healthcare"
Medical Receptionist,"Manage patient appointments, registration and front-desk healthcare services","Patient Registration, Communication, Hospital Management","Graduate, Diploma Healthcare","1-3 years","Healthcare"
Pharmacy Assistant,"Assist pharmacists with prescriptions, inventory and medicine dispensing","Pharmacy, Inventory, Medical Terminology","D.Pharm, B.Pharm","1-3 years","Healthcare"
Clinical Research Associate,"Coordinate clinical trials, maintain study documentation and ensure research compliance","Clinical Research, Documentation, GCP, Data Management","B.Pharm, MSc Life Sciences","1-4 years","Healthcare"
Medical Coder,"Review clinical records and assign standardized medical codes","Medical Coding, ICD, Healthcare Documentation","B.Pharm, Life Sciences, Medical Coding","1-3 years","Healthcare"
Medical Billing Specialist,"Process healthcare claims, billing records and insurance documentation","Medical Billing, Insurance, Healthcare Claims","Graduate, Healthcare Administration","1-3 years","Healthcare"
Healthcare Data Analyst,"Analyze healthcare datasets and prepare reports for clinical and business teams","SQL, Excel, Power BI, Healthcare Analytics","MSc Analytics, BSc IT, Healthcare","1-4 years","Healthcare"
Hospital Administrator,"Manage hospital operations, staff coordination and healthcare administration","Hospital Management, Operations, Administration","MBA Healthcare, MHA","3-6 years","Healthcare"
Clinical Data Manager,"Manage clinical trial data, validation and reporting processes","Clinical Data, SQL, Data Management, GCP","MSc Life Sciences, Pharmacy","2-5 years","Healthcare"
Physiotherapist,"Assess patients and provide physical rehabilitation and therapy programs","Physiotherapy, Rehabilitation, Patient Care","BPT, MPT","1-5 years","Healthcare"
Radiology Technician,"Operate diagnostic imaging equipment and assist with radiology procedures","Radiology, Imaging, Patient Care","Diploma Radiology, BSc","1-4 years","Healthcare"
Laboratory Technician,"Perform laboratory tests and maintain diagnostic equipment and records","Laboratory Testing, Diagnostics, Medical Equipment","DMLT, BSc Medical Lab Technology","1-4 years","Healthcare"
Health Information Specialist,"Manage patient records, healthcare information and medical documentation","Health Information Management, Medical Records, Data","BSc Healthcare, Health Information","1-4 years","Healthcare"
Healthcare Quality Analyst,"Monitor healthcare quality metrics and support process improvement initiatives","Quality Management, Healthcare Analytics, Excel","MBA Healthcare, MSc Healthcare","2-5 years","Healthcare"
Medical Sales Representative,"Promote pharmaceutical and healthcare products to hospitals and healthcare professionals","Medical Sales, Product Knowledge, Communication","B.Pharm, BSc Life Sciences","1-4 years","Healthcare"
Public Health Coordinator,"Coordinate public health programs, community initiatives and health reporting","Public Health, Program Management, Data Analysis","MPH, MSc Public Health","2-5 years","Healthcare"






School Teacher,"Teach students, prepare lesson plans and evaluate academic performance","Teaching, Classroom Management, Communication","B.Ed, BA, MA","1-5 years","Education"
Primary School Teacher,"Teach primary students and develop classroom learning activities","Teaching, Child Development, Classroom Management","B.Ed, D.Ed","1-5 years","Education"
Secondary School Teacher,"Teach subject-specific curriculum and evaluate student performance","Teaching, Subject Knowledge, Classroom Management","B.Ed, MA, MSc","1-5 years","Education"
College Lecturer,"Teach undergraduate students, prepare lectures and evaluate academic work","Teaching, Research, Communication","Masters, NET, PhD","1-5 years","Education"
University Professor,"Conduct academic teaching, research and supervise student projects","Research, Teaching, Academic Writing","PhD, NET","5+ years","Education"
Mathematics Teacher,"Teach mathematics concepts and prepare assessments for students","Mathematics, Teaching, Classroom Management","B.Ed, BSc, MSc","1-5 years","Education"
Science Teacher,"Teach science subjects and conduct classroom and laboratory activities","Science, Teaching, Laboratory, Communication","B.Ed, BSc, MSc","1-5 years","Education"
Computer Science Teacher,"Teach programming, computer fundamentals and information technology","Programming, Computer Science, Teaching","B.Ed, BSc IT, MCA","1-5 years","Education"
English Teacher,"Teach English language, literature and communication skills","English, Teaching, Communication, Literature","BA English, MA English, B.Ed","1-5 years","Education"
Academic Coordinator,"Coordinate academic programs, teachers, schedules and curriculum activities","Academic Management, Communication, Excel","MBA, MA, B.Ed","2-5 years","Education"
Curriculum Developer,"Design curriculum, learning materials and educational programs","Curriculum Design, Instructional Design, Education","MA Education, M.Ed","2-5 years","Education"
Instructional Designer,"Create digital learning materials, courses and instructional content","Instructional Design, E-learning, Content Development","M.Ed, MA, B.Ed","2-5 years","Education"
Education Counselor,"Guide students regarding courses, admissions and career options","Counselling, Communication, Education","MBA, MA Psychology, Graduate","1-4 years","Education"
Admissions Counselor,"Assist students with admission processes, applications and course selection","Admissions, Communication, CRM","Graduate, MBA","1-3 years","Education"
Training Instructor,"Deliver professional training programs and evaluate learner performance","Training, Presentation, Communication","Graduate, MBA, Certification","2-5 years","Education"
Online Tutor,"Provide online tutoring and personalized academic support to students","Online Teaching, Communication, Subject Knowledge","Graduate, B.Ed, Masters","1-4 years","Education"
Academic Research Assistant,"Support academic research, data collection and research documentation","Research, Data Analysis, Academic Writing","Masters, PhD","0-3 years","Education"
School Administrator,"Manage school administration, records, schedules and operational activities","Administration, Excel, Communication, School Management","B.Ed, MBA, Graduate","2-5 years","Education"
Education Program Manager,"Manage educational programs, partnerships and learning initiatives","Program Management, Education, Communication","MBA, M.Ed","3-6 years","Education"
E-Learning Specialist,"Develop online learning programs and digital educational content","E-learning, LMS, Instructional Design, Multimedia","M.Ed, MA Education","2-5 years","Education"







Data Analyst,Analyze business datasets and create reports and dashboards,Python SQL Power BI Pandas,Data & Analytics
Business Data Analyst,Analyze sales and customer data to identify business trends,SQL Excel Power BI Statistics,Data & Analytics
BI Analyst,Build business intelligence dashboards and analyze company performance,Power BI SQL Tableau DAX,Data & Analytics
Data Scientist,Build predictive models and analyze large datasets,Python Pandas NumPy Machine Learning Statistics,Data & Analytics
Reporting Analyst,Prepare business reports and automate reporting workflows,Excel SQL Power BI Python,Data & Analytics
Data Visualization Analyst,Create dashboards and visualizations from business data,Tableau Power BI Python SQL,Data & Analytics
Healthcare Data Analyst,Analyze patient data and healthcare performance metrics,SQL Excel Healthcare Analytics,Healthcare
Clinical Data Analyst,Analyze clinical trial and patient data,Clinical Research SQL Statistics,Healthcare
Healthcare Analyst,Analyze hospital operations and healthcare performance,Healthcare Analytics Excel SQL,Healthcare
Medical Data Analyst,Analyze medical records and patient outcomes,Medical Records SQL Healthcare Analytics,Healthcare
Clinical Research Analyst,Analyze clinical research data and prepare medical reports,Clinical Research Statistics Excel,Healthcare
Hospital Data Analyst,Analyze hospital patient records and healthcare KPIs,Healthcare SQL Excel Power BI,Healthcare









Data Analyst,Analyze business data and create reports and dashboards,"Python, SQL, Power BI, Excel",BSc IT,1-3 years,Data & Analytics
Business Data Analyst,Analyze business datasets to identify trends and insights,"SQL, Python, Excel, Power BI",BSc IT,1-3 years,Data & Analytics
BI Analyst,Build business intelligence dashboards and analyze company performance,"Power BI, SQL, Tableau, Excel",BSc IT,2-4 years,Data & Analytics
Data Visualization Analyst,Create dashboards and visual reports from business data,"Power BI, Tableau, Excel, SQL",BSc IT,1-3 years,Data & Analytics
Reporting Analyst,Prepare automated reports and analyze business performance,"SQL, Excel, Power BI, Python",BSc IT,1-3 years,Data & Analytics
Junior Data Analyst,Analyze datasets and prepare business reports,"Excel, SQL, Python, Power BI",BSc IT,0-2 years,Data & Analytics
Data Analytics Associate,Analyze data and provide insights for business decisions,"Python, SQL, Excel, Tableau",BSc IT,1-2 years,Data & Analytics
Data Quality Analyst,Monitor data quality and identify errors in business databases,"SQL, Excel, Python",BSc IT,1-3 years,Data & Analytics
Product Data Analyst,Analyze product metrics and user behavior,"SQL, Python, Excel, Power BI",BSc IT,2-4 years,Data & Analytics
Business Intelligence Analyst,Develop dashboards and analyze business KPIs,"Power BI, SQL, Tableau, Python",BSc IT,2-5 years,Data & Analytics






Healthcare Data Analyst,Analyze patient data and healthcare performance,"SQL, Python, Power BI",BSc Healthcare,1-3 years,Healthcare
Clinical Data Analyst,Analyze clinical trial and patient data,"SQL, Python, SAS",BSc Healthcare,2-4 years,Healthcare
Hospital Data Analyst,Analyze hospital patient records and healthcare operations,"SQL, Excel, Power BI",BSc Healthcare,1-3 years,Healthcare
Medical Data Analyst,Analyze medical records and patient outcomes,"Python, SQL, Excel",BSc Healthcare,1-3 years,Healthcare



Financial Data Analyst,Analyze financial data and prepare financial reports,"Excel, SQL, Financial Modeling",BCom Finance,1-3 years,Finance
Finance Data Analyst,Analyze financial datasets and business performance,"Python, SQL, Excel, Power BI",BCom Finance,2-4 years,Finance
Risk Data Analyst,Analyze financial risk data and prepare risk reports,"Python, SQL, Excel",BCom Finance,2-5 years,Finance






Data Analyst,"Analyze business datasets to identify trends, patterns and insights that support business decisions","Python, SQL, Excel, Power BI, Data Analysis","BSc IT, BCA, MSc Analytics","1-3 years","Data & Analytics"
Senior Data Analyst,"Analyze large business datasets and provide actionable insights to management and business teams","Python, SQL, Power BI, Tableau, Statistics","BSc IT, MSc Data Analytics, MCA","3-5 years","Data & Analytics"
Junior Data Analyst,"Clean datasets, prepare reports and identify trends in business performance","Excel, SQL, Python, Power BI","BSc IT, BCA","0-2 years","Data & Analytics"
Business Data Analyst,"Analyze business operations and customer data to identify trends and improve decision making","SQL, Python, Excel, Power BI, Statistics","BSc IT, BBA, MSc Analytics","1-3 years","Data & Analytics"
Data Analytics Associate,"Analyze organizational data and prepare insights for business strategy and operational decisions","Python, SQL, Excel, Tableau, Statistics","BSc IT, BCA, MSc Analytics","1-2 years","Data & Analytics"
Data Insights Analyst,"Analyze datasets and transform business data into actionable insights and management reports","SQL, Python, Power BI, Excel, Data Visualization","BSc IT, MSc Analytics","1-4 years","Data & Analytics"
Business Intelligence Analyst,"Develop dashboards and analyze business KPIs to support strategic decision making","Power BI, SQL, Tableau, DAX, Excel","BSc IT, MCA, MSc Analytics","2-5 years","Data & Analytics"
BI Developer,"Develop business intelligence dashboards and reporting solutions using organizational data","Power BI, SQL, Tableau, DAX, Data Modeling","BSc IT, MCA, MSc Analytics","2-5 years","Data & Analytics"
Reporting Analyst,"Prepare automated business reports and analyze operational performance using organizational datasets","SQL, Excel, Power BI, Python, Reporting","BSc IT, BCA, MSc Analytics","1-3 years","Data & Analytics"
Data Visualization Analyst,"Create interactive dashboards and visualizations to communicate business trends and insights","Power BI, Tableau, Python, SQL, Data Visualization","BSc IT, MSc Analytics","1-4 years","Data & Analytics"
Data Quality Analyst,"Monitor organizational datasets and identify missing, duplicate and inconsistent data","SQL, Python, Excel, Data Quality, Data Validation","BSc IT, BCA, MSc Analytics","1-3 years","Data & Analytics"
Data Operations Analyst,"Analyze operational datasets and identify opportunities to improve business processes","SQL, Excel, Python, Power BI, Process Analysis","BSc IT, BCA, MSc Analytics","1-4 years","Data & Analytics"
Operations Data Analyst,"Analyze operational performance data and prepare reports for process improvement","SQL, Excel, Power BI, Python, Statistics","BSc IT, BCA","1-3 years","Data & Analytics"
Product Data Analyst,"Analyze product usage, customer behavior and product performance metrics","SQL, Python, Excel, Power BI, Product Analytics","BSc IT, MSc Analytics","2-4 years","Data & Analytics"
Customer Data Analyst,"Analyze customer behavior and business datasets to identify customer trends and patterns","SQL, Python, Excel, Tableau, Customer Analytics","BSc IT, BCA, MSc Analytics","1-4 years","Data & Analytics"
Data Reporting Specialist,"Develop automated reports and dashboards from business and operational data","SQL, Excel, Power BI, Python, Reporting","BSc IT, BCA","1-3 years","Data & Analytics"
Data Management Analyst,"Maintain organizational datasets and analyze data quality, consistency and availability","SQL, Excel, Python, Data Management, Data Quality","BSc IT, MCA","2-4 years","Data & Analytics"
Data Specialist,"Prepare, clean and analyze organizational datasets to support business reporting","Excel, SQL, Python, Power BI, Data Cleaning","BSc IT, BCA","1-3 years","Data & Analytics"
Analytics Consultant,"Analyze business problems using data and provide analytical recommendations to organizations","Python, SQL, Power BI, Statistics, Data Analysis","MSc Analytics, MBA, BSc IT","2-5 years","Data & Analytics"
Decision Support Analyst,"Analyze business data and prepare analytical reports to support management decisions","SQL, Excel, Power BI, Statistics, Data Analysis","BSc IT, MSc Analytics, MBA","2-4 years","Data & Analytics"
Business Analytics Consultant,"Evaluate business datasets and develop analytical solutions for improving organizational performance","Python, SQL, Tableau, Power BI, Statistics","MSc Analytics, MBA, BSc IT","2-5 years","Data & Analytics"
Data Research Analyst,"Collect, clean and analyze datasets to identify patterns and support business research","Python, SQL, Excel, Statistics, Data Analysis","MSc Analytics, BSc IT, MSc Statistics","1-4 years","Data & Analytics"
Market Data Analyst,"Analyze market and business datasets to identify trends, patterns and opportunities","SQL, Python, Excel, Power BI, Statistics","BSc IT, MBA, MSc Analytics","1-4 years","Data & Analytics"
Performance Data Analyst,"Analyze organizational performance metrics and create dashboards for management teams","Power BI, SQL, Excel, Python, KPI Analysis","BSc IT, MSc Analytics","1-4 years","Data & Analytics"
Data Insights Specialist,"Transform raw organizational data into reports, dashboards and actionable business insights","SQL, Python, Power BI, Tableau, Excel","BSc IT, BCA, MSc Analytics","1-3 years","Data & Analytics"
Analytics Engineer,"Transform and organize business data for analytics and reporting applications","SQL, Python, Data Modeling, ETL, Power BI","BSc IT, MCA, MSc Analytics","2-5 years","Data & Analytics"
Data Integration Analyst,"Combine data from multiple business systems and prepare datasets for reporting and analysis","SQL, Python, ETL, Excel, Data Integration","BSc IT, MCA","2-4 years","Data & Analytics"
Data Warehouse Analyst,"Analyze data warehouse structures and prepare datasets for business intelligence reporting","SQL, Data Warehousing, Power BI, ETL, Python","BSc IT, MCA, MSc Analytics","2-5 years","Data & Analytics"
Analytics Reporting Analyst,"Develop analytical reports and dashboards to track business performance and key metrics","SQL, Excel, Power BI, Tableau, Python","BSc IT, BCA, MSc Analytics","1-4 years","Data & Analytics"
Business Reporting Analyst,"Analyze company-wide datasets and automate recurring management reports and dashboards","SQL, Excel, Power BI, Python, Data Analysis","BSc IT, BCA","1-3 years","Data & Analytics"








Maths Professor,"Teach mathematics to students and prepare lessons, assessments and examinations","Mathematics, Teaching, Classroom Management, Education","B.Ed, MSc Mathematics","1-5 years","Education"
Maths Teacher,"Teach mathematics concepts to school students and evaluate academic performance","Mathematics, Teaching, Classroom Management","B.Ed, BSc, MSc","1-5 years","Education"
Mathematics Professor,"Teach mathematics subjects, prepare lectures and guide students","Mathematics, Teaching, Research, Education","MSc Mathematics, PhD, NET","2-5 years","Education"
Maths Lecturer,"Teach mathematics to college students and prepare academic lectures","Mathematics, Teaching, Academic Research","MSc Mathematics, NET, PhD","1-5 years","Education"
School Mathematics Teacher,"Teach mathematics to school students and conduct examinations","Mathematics, Teaching, Classroom Management","B.Ed, BSc, MSc","1-5 years","Education"











Graphic Designer,"Create visual designs for digital and print media, branding, advertisements and promotional materials","Adobe Photoshop, Illustrator, InDesign, Canva, Graphic Design","B.Des, BFA, Diploma in Graphic Design","1-3 years","Design & Creative"
Senior Graphic Designer,"Develop creative visual concepts and branding materials for digital and print campaigns","Adobe Photoshop, Illustrator, InDesign, Branding, Typography","B.Des, BFA","3-5 years","Design & Creative"
UI UX Designer,"Design user interfaces and user experiences for websites and mobile applications","Figma, Adobe XD, UI Design, UX Design, Wireframing","B.Des, BFA, BSc IT","1-4 years","Design & Creative"
UI Designer,"Create attractive and user-friendly interfaces for websites and applications","Figma, Adobe XD, UI Design, Prototyping","B.Des, BFA, BSc IT","1-3 years","Design & Creative"
UX Designer,"Research user needs and design intuitive digital experiences and interfaces","Figma, UX Research, Wireframing, Prototyping","B.Des, BFA, BSc IT","2-5 years","Design & Creative"
Visual Designer,"Create visual concepts, layouts and digital assets for websites and marketing materials","Visual Design, Photoshop, Illustrator, Typography","B.Des, BFA","1-4 years","Design & Creative"
Creative Designer,"Develop creative concepts and visual designs for digital campaigns and brand communication","Graphic Design, Photoshop, Illustrator, Canva","B.Des, BFA","1-4 years","Design & Creative"
Motion Graphic Designer,"Create animated graphics, videos and visual effects for digital media","After Effects, Premiere Pro, Motion Graphics, Video Editing","B.Des, BFA, Diploma","1-4 years","Design & Creative"
Illustrator,"Create illustrations, artwork and visual concepts for digital and print projects","Illustration, Photoshop, Illustrator, Digital Art","BFA, B.Des","1-4 years","Design & Creative"
Brand Designer,"Develop visual identities, logos and branding materials for organizations","Branding, Logo Design, Illustrator, Photoshop, Typography","B.Des, BFA","2-5 years","Design & Creative"
Art Director,"Lead creative direction and supervise visual design projects and creative teams","Creative Direction, Branding, Graphic Design, Leadership","B.Des, BFA, MFA","5-8 years","Design & Creative"
Product Designer,"Design digital products by combining user research, UX and visual design","Figma, UX Design, UI Design, Prototyping, User Research","B.Des, BFA, BSc IT","2-5 years","Design & Creative"









Logistics Executive,"Coordinate daily logistics and supply chain operations including shipment scheduling transportation and delivery tracking","Logistics, Supply Chain, Transportation, Delivery Management","MBA, BBA","1-3 years","Logistics & Supply Chain"

Supply Chain Executive,"Manage procurement inventory transportation and supply chain activities","Supply Chain Management, Inventory Management, Procurement, Logistics","BBA, MBA","1-3 years","Logistics & Supply Chain"

Warehouse Manager,"Manage warehouse operations inventory storage dispatch and goods movement","Warehouse Management, Inventory Control, SAP, Logistics","BBA, MBA","3-5 years","Logistics & Supply Chain"

Logistics Coordinator,"Coordinate shipments with transporters and ensure timely delivery of products","Logistics, Transportation, Shipment Tracking, Delivery","BBA","1-3 years","Logistics & Supply Chain"

Transport Manager,"Manage transportation operations vehicle scheduling routes and delivery activities","Transportation Management, Fleet Management, Route Planning","MBA, BBA","3-5 years","Logistics & Supply Chain"

Inventory Manager,"Monitor inventory levels stock movement warehouse operations and replenishment","Inventory Management, Stock Control, Warehouse Management","BBA, MBA","3-5 years","Logistics & Supply Chain"

Procurement Executive,"Handle purchasing activities vendor coordination and procurement of materials","Procurement, Purchasing, Vendor Management, Supply Chain","BBA, MBA","1-3 years","Logistics & Supply Chain"

Warehouse Executive,"Handle receiving storage picking packing and dispatch of products","Warehouse Operations, Inventory, Dispatch, Logistics","BBA","1-3 years","Logistics & Supply Chain"

Supply Chain Manager,"Manage end-to-end supply chain operations procurement inventory transportation and distribution","Supply Chain Management, Procurement, Inventory, Distribution","MBA","5-8 years","Logistics & Supply Chain"

Distribution Executive,"Coordinate product distribution and ensure timely movement of goods to customers","Distribution, Logistics, Transportation, Delivery Management","BBA","1-3 years","Logistics & Supply Chain"

Fleet Coordinator,"Manage vehicle schedules drivers routes and transportation activities","Fleet Management, Transportation, Route Planning","BBA","1-3 years","Logistics & Supply Chain"

Import Export Executive,"Manage import export documentation shipments customs and international logistics","Import Export, Customs, Shipping, Logistics","BBA, MBA","1-3 years","Logistics & Supply Chain"

Operations Logistics Executive,"Manage operational logistics including transportation warehousing inventory and delivery","Operations, Logistics, Warehouse, Inventory","MBA, BBA","1-3 years","Logistics & Supply Chain"

Dispatch Executive,"Coordinate order dispatch packaging transportation and delivery tracking","Dispatch, Delivery, Logistics, Shipment Tracking","BBA","1-3 years","Logistics & Supply Chain"

Logistics Operations Manager,"Supervise logistics operations warehouse transportation inventory and delivery processes","Logistics Operations, Warehouse Management, Transportation, Inventory","MBA","5-8 years","Logistics & Supply Chain"









Warehouse Coordinator,"Coordinate warehouse operations, manage incoming and outgoing shipments, maintain inventory records and ensure timely dispatch of goods","Warehouse Management, Inventory Control, Stock Management, Logistics, Order Processing, Shipment Tracking","BBA, B.Com, Diploma in Logistics","1-3 years","Logistics & Supply Chain"
Logistics Coordinator,"Coordinate transportation, shipment schedules, delivery tracking and communication with logistics partners","Logistics, Transportation, Shipment Tracking, Supply Chain, Delivery Management","BBA, B.Com, Diploma in Logistics","1-3 years","Logistics & Supply Chain"
Supply Chain Coordinator,"Monitor supply chain activities, coordinate suppliers, track inventory and support procurement and distribution operations","Supply Chain Management, Inventory, Procurement, Logistics, Excel","BBA, MBA Supply Chain, B.Com","1-3 years","Logistics & Supply Chain"
Warehouse Executive,"Manage warehouse inventory, stock movement, order dispatch and receiving operations","Warehouse Management, Inventory Management, Stock Control, Logistics, Dispatch","B.Com, BBA, Diploma Logistics","1-3 years","Logistics & Supply Chain"
Transport Coordinator,"Coordinate transportation schedules, vehicle allocation, shipment tracking and delivery operations","Transportation, Logistics, Fleet Management, Shipment Tracking, Supply Chain","BBA, B.Com, Diploma Logistics","1-3 years","Logistics & Supply Chain"
Inventory Coordinator,"Monitor inventory levels, maintain stock records and coordinate material movement between warehouses","Inventory Management, Stock Control, Warehouse Management, Excel, Logistics","B.Com, BBA","1-3 years","Logistics & Supply Chain"
Dispatch Executive,"Coordinate order dispatch, prepare shipping documents and track deliveries to customers","Dispatch Management, Logistics, Shipment Tracking, Order Processing, Transportation","B.Com, BBA","1-3 years","Logistics & Supply Chain"
Procurement Executive,"Coordinate purchasing activities, communicate with suppliers and manage purchase orders and material deliveries","Procurement, Purchasing, Supplier Management, Supply Chain, Inventory","B.Com, BBA, MBA","1-3 years","Logistics & Supply Chain"
Logistics Manager,"Manage end-to-end logistics operations including transportation, warehousing, inventory and distribution activities","Logistics Management, Supply Chain, Transportation, Warehouse Management, Inventory Control","MBA Supply Chain, BBA, B.Com","4-7 years","Logistics & Supply Chain"
Supply Chain Manager,"Manage supply chain planning, procurement, inventory and distribution operations to improve efficiency","Supply Chain Management, Procurement, Inventory, Logistics, Planning","MBA Supply Chain, MBA Operations","5-8 years","Logistics & Supply Chain"
Warehouse Manager,"Supervise warehouse operations, inventory control, storage, receiving and dispatch activities","Warehouse Management, Inventory Control, Stock Management, Logistics, ERP","BBA, B.Com, MBA Operations","4-7 years","Logistics & Supply Chain"
Logistics Coordinator,"Coordinate transportation schedules, shipments, delivery tracking and communication with logistics partners","Logistics, Transportation, Shipment Tracking, Supply Chain, Delivery Management","BBA, B.Com, Diploma Logistics","1-3 years","Logistics & Supply Chain"
Supply Chain Coordinator,"Coordinate suppliers, inventory, procurement and distribution activities across the supply chain","Supply Chain Management, Inventory, Procurement, Logistics, Excel","BBA, B.Com, MBA Supply Chain","1-3 years","Logistics & Supply Chain"
Warehouse Coordinator,"Coordinate warehouse operations, incoming shipments, outgoing orders, stock records and dispatch activities","Warehouse Management, Inventory Control, Stock Management, Logistics, Shipment Tracking","BBA, B.Com, Diploma Logistics","1-3 years","Logistics & Supply Chain"
Warehouse Executive,"Manage stock movement, receiving, storage, picking, packing and dispatch operations","Warehouse Management, Inventory, Stock Control, Dispatch, Logistics","B.Com, BBA, Diploma Logistics","1-3 years","Logistics & Supply Chain"
Inventory Coordinator,"Monitor inventory levels, maintain stock records and coordinate material movement between warehouses","Inventory Management, Stock Control, Warehouse Management, Excel, Logistics","B.Com, BBA","1-3 years","Logistics & Supply Chain"
Inventory Executive,"Maintain inventory records, monitor stock levels and coordinate stock replenishment activities","Inventory Management, Stock Control, Excel, ERP, Warehouse","B.Com, BBA","1-3 years","Logistics & Supply Chain"
Dispatch Executive,"Coordinate order dispatch, prepare shipping documents and track deliveries to customers","Dispatch Management, Logistics, Shipment Tracking, Order Processing, Transportation","B.Com, BBA","1-3 years","Logistics & Supply Chain"
Transport Coordinator,"Coordinate vehicle allocation, transportation schedules, shipment tracking and delivery operations","Transportation, Logistics, Fleet Management, Shipment Tracking","BBA, B.Com, Diploma Logistics","1-3 years","Logistics & Supply Chain"
Fleet Coordinator,"Manage vehicle schedules, driver coordination, route planning and transportation records","Fleet Management, Transportation, Route Planning, Logistics, Excel","BBA, B.Com","1-4 years","Logistics & Supply Chain"
Procurement Executive,"Coordinate purchasing activities, communicate with suppliers and manage purchase orders and material deliveries","Procurement, Purchasing, Supplier Management, Supply Chain, Inventory","B.Com, BBA, MBA","1-3 years","Logistics & Supply Chain"
Procurement Coordinator,"Support procurement operations by preparing purchase orders and coordinating with suppliers","Procurement, Purchase Orders, Supplier Management, Excel, Supply Chain","B.Com, BBA","1-3 years","Logistics & Supply Chain"
Purchasing Executive,"Handle purchase orders, supplier communication, material procurement and delivery coordination","Purchasing, Procurement, Supplier Management, Inventory, Excel","B.Com, BBA","1-3 years","Logistics & Supply Chain"
Distribution Coordinator,"Coordinate product distribution, delivery schedules and movement of goods to customers and stores","Distribution, Logistics, Transportation, Delivery Management, Inventory","BBA, B.Com","1-4 years","Logistics & Supply Chain"
Distribution Executive,"Manage product distribution activities, delivery documentation and coordination with transport partners","Distribution Management, Logistics, Transportation, Shipment Tracking","BBA, B.Com","1-3 years","Logistics & Supply Chain"
Shipping Coordinator,"Prepare shipping documents, coordinate shipments and monitor delivery status","Shipping, Logistics, Shipment Tracking, Documentation, Transportation","B.Com, BBA","1-3 years","Logistics & Supply Chain"
Shipping Executive,"Manage shipment processing, shipping documentation, carrier coordination and delivery tracking","Shipping Management, Logistics, Transportation, Documentation","B.Com, BBA","1-3 years","Logistics & Supply Chain"
Materials Coordinator,"Coordinate material availability, inventory movement and supply activities for operational requirements","Material Management, Inventory, Supply Chain, Procurement, Logistics","B.Com, BBA, Diploma","1-4 years","Logistics & Supply Chain"
Materials Planner,"Plan material requirements and coordinate inventory availability for production and operations","Material Planning, Inventory Management, Supply Chain, ERP, Procurement","BE, BBA, MBA Operations","2-5 years","Logistics & Supply Chain"
Demand Planner,"Forecast product demand and coordinate inventory planning to maintain appropriate stock levels","Demand Planning, Forecasting, Inventory, Supply Chain, Excel","MBA Supply Chain, MBA Operations","2-5 years","Logistics & Supply Chain"
Supply Chain Analyst,"Analyze inventory, transportation and supply chain performance to improve operational efficiency","Supply Chain Analytics, Inventory, Excel, SQL, Power BI","MBA Supply Chain, BBA, MSc Analytics","1-4 years","Logistics & Supply Chain"
Logistics Operations Executive,"Monitor daily transportation, warehouse, shipment and delivery operations and resolve logistics issues","Logistics Operations, Transportation, Warehouse, Shipment Tracking","BBA, B.Com, MBA Operations","1-3 years","Logistics & Supply Chain"
Order Fulfillment Executive,"Process customer orders, coordinate warehouse picking and packing and ensure timely order delivery","Order Fulfillment, Warehouse Management, Inventory, Logistics, Dispatch","BBA, B.Com","1-3 years","Logistics & Supply Chain"